{
	"n_bins": [21,21,21,13,13,13],
	"type": "double",
	"minval": [-25,-25,-25,-216,-216,-216],
	"maxval": [25,25,25,216,216,216],
	"binwidth": [2.5,2.5,2.5,36,36,36],
	"Rmax": 18.37117307,
	"Emax": 9.053157808
}
