{
	"n_bins": [21,21,21,13,13,13],
	"type": "double",
	"minval": [-20,-20,-20,-216,-216,-216],
	"maxval": [20,20,20,216,216,216],
	"binwidth": [2,2,2,36,36,36],
	"Rmax": 10.95445115,
	"Emax": 7.75839265
}
