{
	"n_bins": [21,21,21,13,13,13],
	"type": "double",
	"minval": [-5,-5,-5,-216,-216,-216],
	"maxval": [5,5,5,216,216,216],
	"binwidth": [0.5,0.5,0.5,36,36,36],
	"Rmax": 2.915475947,
	"Emax": 3.361604591
}
