{"binwidth":[0.25369753602887574],"minval":[2.8242861044872880],"maxval":[16.914933313495506],"n_bins":[56]}
