{"binwidth":[0.18730817988143206],"minval":[2.8329082230104170],"maxval":[16.691512394028301],"n_bins":[74]}
