{"binwidth":[0.16674837657053534],"minval":[3.5431802099244121],"maxval":[15.942166728522174],"n_bins":[75]}
