{"binwidth":[0.17861638444333650],"minval":[3.6039526911434252],"maxval":[15.900779100408887],"n_bins":[69]}
