{"binwidth":[0.22710330866489778],"minval":[2.7854207940632505],"maxval":[16.740102120357566],"n_bins":[62]}
