{"binwidth":[0.19884998213359564],"minval":[4.1947686467789973],"maxval":[14.947284234937124],"n_bins":[55]}
