{
	"n_bins": [21,21,21,13,13,13],
	"type": "double",
	"minval": [-30,-30,-30,-216,-216,-216],
	"maxval": [30,30,30,216,216,216],
	"binwidth": [3,3,3,36,36,36],
	"Rmax": 25.0998008,
	"Emax": 10.2392168
}
