{
	"n_bins": [21,21,21,13,13,13],
	"type": "double",
	"minval": [-80,-80,-80,-216,-216,-216],
	"maxval": [80,80,80,216,216,216],
	"binwidth": [8,8,8,36,36,36],
	"Rmax": 74.18894796,
	"Emax": 63.63652344
}
