{
	"n_bins": [21,21,21,13,13,13],
	"type": "double",
	"minval": [-45,-45,-45,-216,-216,-216],
	"maxval": [45,45,45,216,216,216],
	"binwidth": [4.5,4.5,4.5,36,36,36],
	"Rmax": 39.48733974,
	"Emax": 24.43219191
}
