{
	"n_bins": [21,21,21,13,13,13],
	"type": "double",
	"minval": [-40,-40,-40,-216,-216,-216],
	"maxval": [40,40,40,216,216,216],
	"binwidth": [4,4,4,36,36,36],
	"Rmax": 31.4960315,
	"Emax": 11.25817771
}
