{
	"n_bins": [21,21,21,13,13,13],
	"type": "double",
	"minval": [-50,-50,-50,-216,-216,-216],
	"maxval": [50,50,50,216,216,216],
	"binwidth": [5,5,5,36,36,36],
	"Rmax": 45.5521679,
	"Emax": 28.36470305
}
